{
    "telemetry.machineId": "98d9f053fef2434a660f86f0e7a68b3ef05a6379215ce59678f7e0792ebdfed6",
    "telemetry.sqmId": "{2FA77D1E-E83E-4AB5-AC1D-EA4797F632B6}",
    "telemetry.devDeviceId": "47d13a75-cc84-40fb-86fa-47fd76a7e272",
    "backupWorkspaces": {
        "workspaces": [],
        "folders": [],
        "emptyWindows": [
            {
                "backupFolder": "1756061406520"
            }
        ]
    },
    "windowControlHeight": 35,
    "profileAssociations": {
        "workspaces": {},
        "emptyWindows": {
            "1756061406520": "__default__profile__"
        }
    },
    "theme": "vs-dark",
    "themeBackground": "#1f1f1f",
    "windowSplash": {
        "zoomLevel": 0,
        "baseTheme": "vs-dark",
        "colorInfo": {
            "foreground": "#cccccc",
            "background": "#1f1f1f",
            "editorBackground": "#1f1f1f",
            "titleBarBackground": "#181818",
            "titleBarBorder": "#2b2b2b",
            "activityBarBackground": "#181818",
            "activityBarBorder": "#2b2b2b",
            "sideBarBackground": "#181818",
            "sideBarBorder": "#2b2b2b",
            "statusBarBackground": "#181818",
            "statusBarBorder": "#2b2b2b",
            "statusBarNoFolderBackground": "#1f1f1f"
        },
        "layoutInfo": {
            "sideBarSide": "left",
            "editorPartMinWidth": 220,
            "titleBarHeight": 35,
            "activityBarWidth": 48,
            "sideBarWidth": 0,
            "auxiliaryBarWidth": 0,
            "statusBarHeight": 22,
            "windowBorder": false
        }
    },
    "windowsState": {
        "lastActiveWindow": {
            "backupPath": "C:\\Users\\VISHAL\\OneDrive\\Desktop\\VishalTY\\Logigo\\backend\\temp\\Backups\\1756061406520",
            "uiState": {
                "mode": 1,
                "x": 168,
                "y": 32,
                "width": 1200,
                "height": 800
            }
        },
        "openedWindows": []
    }
}